id,name,artist,mood
4jPy3l0RUwlUI9T5XHBW2m,Mood (feat. iann dior),24kGoldn,romantic
6v8mSl4GZXok3Ebe9x4Jmr,Mood - Lofi,Yagih Mael,romantic
6FuGJB290AQMAHTfjOYVaK,"Mood (Remix) feat. Justin Bieber, J Balvin & iann dior",24kGoldn,romantic
30m1Wyp7zzpOYsBqvM7gYM,Mood Swings,Tegi Pannu,romantic
5rZlwNFl01HqLWBQGryKSm,Mood Swings (feat. Lil Tjay),Pop Smoke,romantic
6fu2fjARHA8iXrLzMNXKfD,Mood Garam,Gyanendra Sardhana,romantic
1d1ICMe7RvIDwTlTDk3X6y,Vizhi Moodi,Karthik,romantic
4e0eMVsFHuNYWVb0MEYWKN,Mood Garam - Remix,Gyanendra Sardhana,romantic
1syS1hdteqS5dRZezxN1Yg,Mood - Remix,Farizki,romantic
2CQJcnC0XCRFcxKJNgLZmo,Vaaya moodi summa iru da,K. Krishna Kumar,romantic
1As11cGpiSKQQbNwy43Vtp,Mood (Lofi) - Slowed Version,Yagih Mael,romantic
2nm8SX64kEcDRVu8oj04sG,24kGoldn - Mood X Navya Lofi,Navya Lofi,romantic
3hgACTA1rtiZOjSCpPs9wN,Mood - Slowed / Lofi,socialite,romantic
1UY0MQyaZJA2DIsCfdL8xN,Mood (feat. iann dior) - Live,24kGoldn,romantic
4rgXmH3XlmPZBqZodfLEHM,Mood Garam 2,Preet Nagar,romantic
2gwF8weF7bct9y2Zs4A4iO,Mood Swings,Musaafir,romantic
0olOcc4XT3iLyhlzqPUugX,No Love - Lofi,Sahel Ahmed,romantic
6TH02wXPuqj9HFzVpPRz7K,Mood I,Ro Ryon,romantic
1FZfbt3X1fSdHyhscJ2jiz,Mood Zala Fresh,Chandan Kamble,romantic
1O9QBS7rTnMnxaUZN9GMbE,Mood - Slowed & Reverb,TY Music,romantic
4PKGaJPuXfespUVeXLBaA5,En Iniya Pon Nilave Pon,K. J. Yesudas,romantic
5JtvedSVWW9McnoEAPJwQm,Sex Sounds,Lil Tjay,romantic
6sOOMWU4Bu8wi0SeCpRD9A,Mood,Mani Longia,romantic
71pTPbzPNXMvUoLyQQYiaB,Kheech Meri Photo,Neeti Mohan,romantic
7t89o04EbT4flij8QFYGuK,Super Deluxe (BGM Cover),Yuvan Shankar Raja,romantic
4bT2kkyaCQPVhaw9o3c55T,Mood,Steelix NEW,romantic
4qIcZYeN6JxZcnSfobSi0A,Moodu,Brodha V,romantic
5OG2IfDyEPXQ9AaetZYCR9,Two Mood,Gurtaj,romantic
4XUbJkEkB3huqihSCq8Za8,Moodman,Robert Palko,romantic
5qJyxkcekkUAGbBieK6OE5,Mood (Lofi) - Sped Up Version,Yagih Mael,romantic
0EtJzwmu8Egn4XV6VahzkY,Neerolam Mele Moodum,Gowtham Bharadwaj,romantic
3KkSs9PraljlrqfINVFkm0,Mood - Remix,24kGoldn,romantic
0nEsLR5KTySCO9CfyC2yjg,Mood,DPR IAN,romantic
2v0H8Syth3TkzVwHoWuCul,Mood Kharaab (Remix),Raja Baath,romantic
5VMhxHULk2LYc25dTqy4XA,Mood,Diljit Dosanjh,romantic
4k6yZRw7M04gZE2uW12Cw6,Mood,Makar,romantic
6lyliljaf7Ew7sp3uKkmmw,Mood,ay-Mill,romantic
2PeHKVIOZ4Tl97yZyHz1f9,Footage,SARRB,romantic
713irs277zHVxA0qVUNKFS,Mood,GYMBRO,romantic
5fr3xdQBqrkeLAbMFoeG8v,Mood,Diljit Dosanjh,romantic
7tnuKypmHBWvPIwpGUD01B,Mood,Yo Yo Honey Singh,romantic
7dTIsyFZ6GFDRNxilprPXg,Moody Wind,Anthony Lazaro,romantic
6BiuoKkXZ2mHW2xvJGSgta,Mood,D Naveen,romantic
42EewndujVKqIMoxwuFVL8,Mood,ARBAZ,romantic
5obTyAhp9xms15FjibgrBy,Mood,Asake,romantic
25jVJTOQB2O2Z3OZnHpuDK,Baby Mood Ma Nathi,Umesh Barot,romantic
2uWJcnBgQp5JQJXVXuz7Wt,Mood,Yung Nazty,romantic
1DZLpZrsgPD8Zqjx9dPHmz,Laare,SARRB,romantic
4nJwvxJ7pVSWuLMSc2Mfky,Mood,Ricki Dhindsa,romantic
5QAj9kZouI8eSwqDqtywNr,En Iniya Pon Nilave Pon,K. J. Yesudas,romantic
